book_event_id,timestamp,session_id,user_id,book_id,device_id,traffic_source_id,store_id,event_type,rating,review_message,dwell_time_seconds,scroll_depth_pct,discovery_channel,referrer_url,intent_level
a7182aac-f0e2-4f07-8dbf-11fcaae78296,2024-04-13T12:25:37.045489,35649b94-9db7-4663-810d-f67f3eb1e955,942,acf3f325-e68c-4332-997e-3d6631e51716,3,9.0,,genre_view,,,6.0,15.0,browse,/genre/fiction,0
bee690c1-f39b-4891-8c6a-7173a7d14c86,2024-04-13T12:27:38.045489,35649b94-9db7-4663-810d-f67f3eb1e955,942,acf3f325-e68c-4332-997e-3d6631e51716,3,9.0,,preview,,,8.0,47.0,browse,/genre/fiction,1
480670f1-335f-4488-b12e-7c5c09d45024,2024-04-13T12:27:52.045489,35649b94-9db7-4663-810d-f67f3eb1e955,942,acf3f325-e68c-4332-997e-3d6631e51716,3,9.0,,view_details,,,196.0,77.0,browse,/genre/fiction,2
25006156-a904-4b71-b7d6-c975ea059912,2024-04-13T12:28:07.045489,35649b94-9db7-4663-810d-f67f3eb1e955,942,acf3f325-e68c-4332-997e-3d6631e51716,3,9.0,,add_to_wishlist,,,2.0,,browse,/genre/fiction,3
c3ebcd98-be90-4b94-bbc0-e6c2de6a1fe1,2024-04-15T03:25:38.045489,15e9cdbe-22c5-4aca-8614-9a60422a7aa6,942,aeb92758-57f9-47a8-9415-d5a19a09560d,3,3.0,,genre_view,,,12.0,12.0,rec_content,/recommendations/similar,0
1cc5f93d-6b12-4841-9df3-9d5a2f3a6e8b,2024-04-15T03:30:07.045489,15e9cdbe-22c5-4aca-8614-9a60422a7aa6,942,aeb92758-57f9-47a8-9415-d5a19a09560d,3,3.0,,preview,,,9.0,41.0,rec_content,/recommendations/similar,1
6ecdf288-b6b8-4f0f-a670-c668ef860837,2024-04-15T03:32:17.045489,15e9cdbe-22c5-4aca-8614-9a60422a7aa6,942,aeb92758-57f9-47a8-9415-d5a19a09560d,3,3.0,,view_details,,,172.0,32.0,rec_content,/recommendations/similar,2
285476ac-6611-4eb6-a985-100ddb6379c6,2024-04-15T03:35:34.045489,15e9cdbe-22c5-4aca-8614-9a60422a7aa6,942,aeb92758-57f9-47a8-9415-d5a19a09560d,3,3.0,,add_to_wishlist,,,3.0,,rec_content,/recommendations/similar,3
9a250672-326c-4354-8330-6f51156b0572,2024-04-15T03:39:24.045489,15e9cdbe-22c5-4aca-8614-9a60422a7aa6,942,aeb92758-57f9-47a8-9415-d5a19a09560d,3,3.0,,read_start,,,499.0,,rec_content,/recommendations/similar,4
559fee25-f4df-456e-b841-8be71d88b59e,2024-04-17T09:25:33.045489,9ec83946-2b92-4e37-9c7e-0bb5afec5ee2,942,87bc7a64-e643-4ff7-a7de-856bd28ec996,1,,,genre_view,,,17.0,21.0,rec_collaborative,/recommendations/for-you,0
129041a3-6e64-4db8-8f90-2747bd8c24b7,2024-04-17T09:28:05.045489,9ec83946-2b92-4e37-9c7e-0bb5afec5ee2,942,87bc7a64-e643-4ff7-a7de-856bd28ec996,1,,,preview,,,7.0,33.0,rec_collaborative,/recommendations/for-you,1
8b54e0a9-9f4d-484c-8dad-f245f1384283,2024-04-17T09:30:29.045489,9ec83946-2b92-4e37-9c7e-0bb5afec5ee2,942,87bc7a64-e643-4ff7-a7de-856bd28ec996,1,,,view_details,,,143.0,83.0,rec_collaborative,/recommendations/for-you,2
3cd9a378-a4ed-4573-a18a-6eff3c0cc232,2024-04-17T09:32:50.045489,9ec83946-2b92-4e37-9c7e-0bb5afec5ee2,942,87bc7a64-e643-4ff7-a7de-856bd28ec996,1,,,add_to_wishlist,,,5.0,,rec_collaborative,/recommendations/for-you,3
e30d417b-0c71-4f33-93d9-4d67a7652834,2024-04-17T23:25:27.045489,e1f465b5-af28-4dba-8dee-39c402008768,942,6c88def4-2e3f-435b-9842-60c1d318110f,3,3.0,,genre_view,,,20.0,28.0,rec_content,/recommendations/similar,0
45000203-89cc-44b4-9728-c1f013e1b12b,2024-04-17T23:26:07.045489,e1f465b5-af28-4dba-8dee-39c402008768,942,6c88def4-2e3f-435b-9842-60c1d318110f,3,3.0,,preview,,,10.0,45.0,rec_content,/recommendations/similar,1
3fb3950e-4f40-4394-b41c-cf0a9baacef0,2024-04-17T23:28:04.045489,e1f465b5-af28-4dba-8dee-39c402008768,942,6c88def4-2e3f-435b-9842-60c1d318110f,3,3.0,,view_details,,,37.0,26.0,rec_content,/recommendations/similar,2
2e0fc711-607a-4ed7-bdbd-f1fe8812123a,2024-04-17T23:28:39.045489,e1f465b5-af28-4dba-8dee-39c402008768,942,6c88def4-2e3f-435b-9842-60c1d318110f,3,3.0,,add_to_wishlist,,,3.0,,rec_content,/recommendations/similar,3
e0633056-8a2f-4b7d-b84a-6b2367585a7a,2024-04-19T10:24:54.045489,c3567844-31fe-47b4-84e3-5d2e6643de4a,942,53420a38-27c7-4b81-87cc-3eb1e3c15e39,1,5.0,,genre_view,,,26.0,12.0,publisher_page,/publisher/16,0
7431efa4-eef8-4523-b94b-d3d100aa9ed4,2024-04-19T10:29:37.045489,c3567844-31fe-47b4-84e3-5d2e6643de4a,942,53420a38-27c7-4b81-87cc-3eb1e3c15e39,1,5.0,,preview,,,6.0,19.0,publisher_page,/publisher/16,1
64d49b66-eb61-4ca6-9786-64918a7e14a9,2024-04-19T10:32:11.045489,c3567844-31fe-47b4-84e3-5d2e6643de4a,942,53420a38-27c7-4b81-87cc-3eb1e3c15e39,1,5.0,,view_details,,,198.0,45.0,publisher_page,/publisher/16,2
4ae76f3d-37d3-480f-8bad-73ffa8e11352,2024-04-22T04:24:49.045489,2a24e968-0b0e-458b-a09b-a04d662ba82f,942,636113a5-db59-495e-a1d4-484e041fa3eb,2,,,genre_view,,,8.0,18.0,browse,/genre/fiction,0
523762f1-3dbe-4343-8c53-06eb6ae78913,2024-04-22T04:27:27.045489,2a24e968-0b0e-458b-a09b-a04d662ba82f,942,636113a5-db59-495e-a1d4-484e041fa3eb,2,,,preview,,,9.0,19.0,browse,/genre/fiction,1
f1c08f51-269e-41e9-8026-c058c61baf3b,2024-04-22T04:29:56.045489,2a24e968-0b0e-458b-a09b-a04d662ba82f,942,636113a5-db59-495e-a1d4-484e041fa3eb,2,,,view_details,,,45.0,41.0,browse,/genre/fiction,2
8dfdf2ab-ec43-46df-a83e-f30474b5f7b2,2024-04-22T04:34:03.045489,2a24e968-0b0e-458b-a09b-a04d662ba82f,942,636113a5-db59-495e-a1d4-484e041fa3eb,2,,,add_to_wishlist,,,4.0,,browse,/genre/fiction,3
c5051eb7-daa9-443c-96d0-5c68e66c85da,2024-04-22T04:37:37.045489,2a24e968-0b0e-458b-a09b-a04d662ba82f,942,636113a5-db59-495e-a1d4-484e041fa3eb,2,,,read_start,,,513.0,,browse,/genre/fiction,4
168be789-72d9-4325-bd3a-2e3532d1de11,2024-04-22T04:42:11.045489,2a24e968-0b0e-458b-a09b-a04d662ba82f,942,636113a5-db59-495e-a1d4-484e041fa3eb,2,,,read_complete,,,2769.0,,browse,/genre/fiction,5
259861c2-fc5f-46b7-a80c-1c043c8eb34a,2024-04-22T04:42:37.045489,2a24e968-0b0e-458b-a09b-a04d662ba82f,942,636113a5-db59-495e-a1d4-484e041fa3eb,2,,,rate_review,4.0,หนังสือ 'โลกของแมลง: ความมหัศจรรย์แห่งชีววิทยา' เป็นหนังสือสารคดีที่ยอดเยี่ยมมากค่ะ! เนื้อหาแน่น ให้ความรู้เกี่ยวกับแมลงหลากหลายชนิดได้อย่างน่าทึ่ง ทั้งพฤติกรรม บทบาทในระบบนิเวศ และความสำคัญต่อโลกของเรา การอธิบายทำได้เข้าใจง่าย แม้จะเป็นเรื่องวิทยาศาสตร์ที่ซับซ้อนก็ตาม ภาพประกอบก็สวยงาม ช่วยให้เห็นภ,112.0,,browse,/genre/fiction,6
50e5c699-0fd9-41c2-8617-a892886c908f,2024-04-22T14:25:33.045489,3d926168-77d1-4ac4-9114-d7d6113af02d,942,e517fb40-b49c-4397-b28b-1cc241df50f8,3,2.0,,genre_view,,,10.0,8.0,search,/search?q=book,0
4d28f6b9-a4d2-4dfd-98f7-09c68f69ed63,2024-04-22T14:28:28.045489,3d926168-77d1-4ac4-9114-d7d6113af02d,942,e517fb40-b49c-4397-b28b-1cc241df50f8,3,2.0,,preview,,,10.0,11.0,search,/search?q=book,1
0e932ab5-edc5-4067-b674-c2749a4ab117,2024-04-22T14:30:01.045489,3d926168-77d1-4ac4-9114-d7d6113af02d,942,e517fb40-b49c-4397-b28b-1cc241df50f8,3,2.0,,view_details,,,248.0,78.0,search,/search?q=book,2
2b4656ed-3d30-45a0-bffa-3df62ce2447c,2024-04-22T14:30:16.045489,3d926168-77d1-4ac4-9114-d7d6113af02d,942,e517fb40-b49c-4397-b28b-1cc241df50f8,3,2.0,,add_to_wishlist,,,5.0,,search,/search?q=book,3
fd02153d-843a-4d25-89da-a753c67a89c9,2024-04-24T10:24:48.045489,e216313b-e29e-4585-9ad0-aed6f39eeb89,942,84becf82-c54f-4609-bab9-b4a191398cde,1,8.0,,genre_view,,,11.0,9.0,search,/search?q=book,0
b1c1359b-7ea8-456f-b110-b7674bf1f00d,2024-04-24T10:29:12.045489,e216313b-e29e-4585-9ad0-aed6f39eeb89,942,84becf82-c54f-4609-bab9-b4a191398cde,1,8.0,,preview,,,8.0,38.0,search,/search?q=book,1
b401372f-81f3-4751-9c90-9c294a89eb01,2024-04-24T10:29:33.045489,e216313b-e29e-4585-9ad0-aed6f39eeb89,942,84becf82-c54f-4609-bab9-b4a191398cde,1,8.0,,view_details,,,109.0,61.0,search,/search?q=book,2
8f199e6e-1e38-44d7-8dbb-9b970385d915,2024-04-26T22:24:49.045489,73a9c41b-f4e1-4d96-a7d1-0589a404466e,942,d2d5b57f-b856-4ab7-9aa0-feddbfa57582,1,8.0,,genre_view,,,24.0,25.0,store_page,/store/2,0
b9b30806-1bc6-41d4-bdcc-82aeecc6d1ca,2024-04-26T22:27:13.045489,73a9c41b-f4e1-4d96-a7d1-0589a404466e,942,d2d5b57f-b856-4ab7-9aa0-feddbfa57582,1,8.0,,preview,,,14.0,45.0,store_page,/store/2,1
55ca8553-bb9c-4ed0-824c-322448dd368c,2024-04-26T22:29:39.045489,73a9c41b-f4e1-4d96-a7d1-0589a404466e,942,d2d5b57f-b856-4ab7-9aa0-feddbfa57582,1,8.0,,view_details,,,236.0,38.0,store_page,/store/2,2
18365a9e-f25f-4791-bc4b-38ade349d6b0,2024-04-28T13:25:17.045489,1d739c90-d870-4f5d-b93d-2b89345b975c,942,c8e6dea6-a109-467c-801b-e50ac2c41777,3,4.0,,genre_view,,,10.0,19.0,rec_content,/recommendations/similar,0
9127e4c0-6593-4770-8c74-f3d3281bde3d,2024-04-28T13:29:06.045489,1d739c90-d870-4f5d-b93d-2b89345b975c,942,c8e6dea6-a109-467c-801b-e50ac2c41777,3,4.0,,preview,,,8.0,27.0,rec_content,/recommendations/similar,1
57bd53cb-72ed-45d7-a200-3b67fd08e69a,2024-04-28T13:31:29.045489,1d739c90-d870-4f5d-b93d-2b89345b975c,942,c8e6dea6-a109-467c-801b-e50ac2c41777,3,4.0,,view_details,,,44.0,45.0,rec_content,/recommendations/similar,2
22309feb-bec1-473b-9117-2df025a040b4,2024-04-30T07:25:16.045489,1d1d46b0-98d5-42f6-953b-518959b61c95,942,c80fc7c8-ac86-4dbc-b557-6646e920008b,1,3.0,,genre_view,,,7.0,6.0,browse,/genre/fiction,0
9dddc018-798f-47c3-ad73-ff7544017b08,2024-04-30T07:25:30.045489,1d1d46b0-98d5-42f6-953b-518959b61c95,942,c80fc7c8-ac86-4dbc-b557-6646e920008b,1,3.0,,preview,,,4.0,12.0,browse,/genre/fiction,1
0aebc9a8-d042-46fd-aee3-e9b50396e427,2024-04-30T07:26:41.045489,1d1d46b0-98d5-42f6-953b-518959b61c95,942,c80fc7c8-ac86-4dbc-b557-6646e920008b,1,3.0,,view_details,,,164.0,65.0,browse,/genre/fiction,2
e3ad3958-a264-489d-a8b5-e54cd9d2202d,2024-05-01T14:25:17.045489,064b89dd-b80f-4c2f-ad35-a8c30a1b9005,942,51f02ee2-cd3b-45d7-a41d-6a24ddad74f5,3,7.0,,genre_view,,,18.0,13.0,rec_popular,/recommendations/popular,0
9943c69d-6f34-4539-89e3-9562f7415401,2024-05-01T14:29:58.045489,064b89dd-b80f-4c2f-ad35-a8c30a1b9005,942,51f02ee2-cd3b-45d7-a41d-6a24ddad74f5,3,7.0,,preview,,,7.0,46.0,rec_popular,/recommendations/popular,1
6a61ad92-9e62-4952-aa93-ead0c10a00e1,2024-05-01T14:32:27.045489,064b89dd-b80f-4c2f-ad35-a8c30a1b9005,942,51f02ee2-cd3b-45d7-a41d-6a24ddad74f5,3,7.0,,view_details,,,30.0,91.0,rec_popular,/recommendations/popular,2
f54f7d05-32a7-4dc8-a463-38cfc79aba74,2024-05-01T14:33:15.045489,064b89dd-b80f-4c2f-ad35-a8c30a1b9005,942,51f02ee2-cd3b-45d7-a41d-6a24ddad74f5,3,7.0,,add_to_wishlist,,,2.0,,rec_popular,/recommendations/popular,3
1cb3d9ce-fc06-43b3-af53-ab4e149d1513,2024-05-01T14:37:07.045489,064b89dd-b80f-4c2f-ad35-a8c30a1b9005,942,51f02ee2-cd3b-45d7-a41d-6a24ddad74f5,3,7.0,,read_start,,,2949.0,,rec_popular,/recommendations/popular,4
e63a2ffb-4221-492e-b928-284a46686a73,2024-05-03T04:25:41.045489,08da364d-ef18-4710-98e3-ecac2ff52e3f,942,d15c6174-b84f-4692-b018-22b70117f941,2,2.0,,genre_view,,,8.0,6.0,search,/search?q=book,0
af1a905a-f054-425e-87c1-49de1a12dc89,2024-05-03T04:27:02.045489,08da364d-ef18-4710-98e3-ecac2ff52e3f,942,d15c6174-b84f-4692-b018-22b70117f941,2,2.0,,preview,,,11.0,29.0,search,/search?q=book,1
dba4f18e-3d05-4099-b6ef-8c21d7675380,2024-05-03T04:29:41.045489,08da364d-ef18-4710-98e3-ecac2ff52e3f,942,d15c6174-b84f-4692-b018-22b70117f941,2,2.0,,view_details,,,159.0,34.0,search,/search?q=book,2
7e4c6dbe-4ca5-45d3-b593-99247f75eec8,2024-05-03T04:32:59.045489,08da364d-ef18-4710-98e3-ecac2ff52e3f,942,d15c6174-b84f-4692-b018-22b70117f941,2,2.0,,add_to_wishlist,,,4.0,,search,/search?q=book,3
70e580db-605d-4cfa-b435-fd6ab619ac71,2024-05-03T11:25:25.045489,ce669fce-d4fb-44b2-9cb6-3cee8a0a44a8,942,a54fd59b-1ef5-49ba-91bc-f14a65c709e7,1,6.0,,genre_view,,,17.0,25.0,store_page,/store/1,0
1dd67529-d61b-4d94-b2c8-f832e60bedb7,2024-05-03T11:28:18.045489,ce669fce-d4fb-44b2-9cb6-3cee8a0a44a8,942,a54fd59b-1ef5-49ba-91bc-f14a65c709e7,1,6.0,,preview,,,9.0,28.0,store_page,/store/1,1
663a9a5f-c125-4152-91c8-2b643f0ec3bb,2024-05-03T11:32:24.045489,ce669fce-d4fb-44b2-9cb6-3cee8a0a44a8,942,a54fd59b-1ef5-49ba-91bc-f14a65c709e7,1,6.0,,view_details,,,123.0,99.0,store_page,/store/1,2
b29746f4-8d46-4399-8235-9464467b024e,2024-05-04T09:25:38.045489,c22f09f3-31d0-4cc7-9ec0-d3fd5887bbf2,942,034d384c-416e-4d96-9762-7db9b2d05dcc,1,7.0,,genre_view,,,10.0,8.0,publisher_page,/publisher/47,0
ac94f678-eb1e-4166-a2ba-0218a5de3f4c,2024-05-04T09:25:57.045489,c22f09f3-31d0-4cc7-9ec0-d3fd5887bbf2,942,034d384c-416e-4d96-9762-7db9b2d05dcc,1,7.0,,preview,,,3.0,47.0,publisher_page,/publisher/47,1
c99a1a8d-2006-4923-84a0-61928740cafc,2024-05-04T09:28:09.045489,c22f09f3-31d0-4cc7-9ec0-d3fd5887bbf2,942,034d384c-416e-4d96-9762-7db9b2d05dcc,1,7.0,,view_details,,,219.0,77.0,publisher_page,/publisher/47,2
9990c464-a4fc-4a8c-bf92-24e52a9eb5ba,2024-05-05T19:24:54.045489,b2dc623c-3ed9-4e4d-a9f2-d5b44353dfcb,942,f90c669a-be7e-4aae-90df-0829e01042a9,1,5.0,,genre_view,,,24.0,17.0,browse,/genre/fiction,0
60ec0ec5-679a-4423-ac3a-282e75dea9ce,2024-05-05T19:29:03.045489,b2dc623c-3ed9-4e4d-a9f2-d5b44353dfcb,942,f90c669a-be7e-4aae-90df-0829e01042a9,1,5.0,,preview,,,14.0,11.0,browse,/genre/fiction,1
bb944137-be45-42fc-a8b5-18cff0d23af1,2024-05-05T19:33:29.045489,b2dc623c-3ed9-4e4d-a9f2-d5b44353dfcb,942,f90c669a-be7e-4aae-90df-0829e01042a9,1,5.0,,view_details,,,46.0,44.0,browse,/genre/fiction,2
60b324ec-5b45-4ae6-a5f1-583ce15e4281,2024-05-07T07:25:09.045489,0b5ddc1d-8209-454d-83b6-6bc6fbdb3128,942,ff9d5d94-b28b-4497-80d6-d1f634135be4,1,1.0,,genre_view,,,12.0,18.0,rec_content,/recommendations/similar,0
827ffc0b-cc58-4af9-a09b-4865ae1fed8f,2024-05-07T07:27:03.045489,0b5ddc1d-8209-454d-83b6-6bc6fbdb3128,942,ff9d5d94-b28b-4497-80d6-d1f634135be4,1,1.0,,preview,,,10.0,18.0,rec_content,/recommendations/similar,1
b5d170b2-a6f6-4aad-b9ba-6346630c53fe,2024-05-07T07:31:14.045489,0b5ddc1d-8209-454d-83b6-6bc6fbdb3128,942,ff9d5d94-b28b-4497-80d6-d1f634135be4,1,1.0,,view_details,,,55.0,53.0,rec_content,/recommendations/similar,2
8ba69acb-2a34-4556-b774-f4e87519eec6,2024-05-08T16:25:36.045489,e50e37d0-8c89-43cb-b1d9-f90c46f2dfd5,942,196a57f7-b10a-4dc8-9a49-996eccb810f5,2,8.0,,genre_view,,,22.0,17.0,search,/search?q=book,0
6e877c17-de41-442a-a86b-7e54dd0eccd4,2024-05-08T16:28:30.045489,e50e37d0-8c89-43cb-b1d9-f90c46f2dfd5,942,196a57f7-b10a-4dc8-9a49-996eccb810f5,2,8.0,,preview,,,14.0,43.0,search,/search?q=book,1
98ec4889-ef05-4a17-8421-bda81676d6e9,2024-05-08T16:32:08.045489,e50e37d0-8c89-43cb-b1d9-f90c46f2dfd5,942,196a57f7-b10a-4dc8-9a49-996eccb810f5,2,8.0,,view_details,,,263.0,24.0,search,/search?q=book,2
f5bc93b7-f467-4b6b-a0da-a064469f603b,2024-05-08T16:34:27.045489,e50e37d0-8c89-43cb-b1d9-f90c46f2dfd5,942,196a57f7-b10a-4dc8-9a49-996eccb810f5,2,8.0,,add_to_wishlist,,,5.0,,search,/search?q=book,3
f376893f-ce66-4231-9ce0-aed058f2b2b0,2024-05-08T16:38:47.045489,e50e37d0-8c89-43cb-b1d9-f90c46f2dfd5,942,196a57f7-b10a-4dc8-9a49-996eccb810f5,2,8.0,,read_start,,,2984.0,,search,/search?q=book,4
572b39e4-37d1-4362-a886-f87d3033eb1d,2024-05-09T15:25:36.045489,7ec9a0b2-f82d-409b-a223-05c188083605,942,9183f764-a713-432d-b789-df9a59ed2ca8,2,5.0,,genre_view,,,30.0,15.0,browse,/genre/fiction,0
3b99b2e6-6506-416c-808b-8d81f18b7e55,2024-05-09T15:28:57.045489,7ec9a0b2-f82d-409b-a223-05c188083605,942,9183f764-a713-432d-b789-df9a59ed2ca8,2,5.0,,preview,,,4.0,34.0,browse,/genre/fiction,1
693657c4-37b5-4c9c-86ae-1563678c5c63,2024-05-09T15:32:28.045489,7ec9a0b2-f82d-409b-a223-05c188083605,942,9183f764-a713-432d-b789-df9a59ed2ca8,2,5.0,,view_details,,,266.0,36.0,browse,/genre/fiction,2
da5223d1-fbce-41fb-b832-2c5509c7de82,2024-05-09T15:33:42.045489,7ec9a0b2-f82d-409b-a223-05c188083605,942,9183f764-a713-432d-b789-df9a59ed2ca8,2,5.0,,add_to_wishlist,,,5.0,,browse,/genre/fiction,3
dbf36a0b-a03a-4fea-9e52-5b3f03db6c53,2024-05-09T15:36:31.045489,7ec9a0b2-f82d-409b-a223-05c188083605,942,9183f764-a713-432d-b789-df9a59ed2ca8,2,5.0,,read_start,,,1579.0,,browse,/genre/fiction,4
3cc06130-cb84-4007-8692-70001d31c24d,2024-05-09T15:39:25.045489,7ec9a0b2-f82d-409b-a223-05c188083605,942,9183f764-a713-432d-b789-df9a59ed2ca8,2,5.0,,read_complete,,,1980.0,,browse,/genre/fiction,5
594f64e9-adf4-4b06-9303-73f16bc2908b,2024-05-09T15:43:39.045489,7ec9a0b2-f82d-409b-a223-05c188083605,942,9183f764-a713-432d-b789-df9a59ed2ca8,2,5.0,,rate_review,2.0,ผิดหวังกับ 'หมีน้อยกับน้ำผึ้งวิเศษ' พอสมควรค่ะ อ่านแล้วรู้สึกว่าเนื้อเรื่องยังไม่เข้มข้นเท่าที่ควร ตัวละคร 'บรูโน่' ไม่ได้มีเสน่ห์ดึงดูดใจเด็กๆ เท่าที่คาดหวังไว้ การดำเนินเรื่องค่อนข้างเรียบๆ ไม่ค่อยมีอะไรน่าตื่นเต้น การผจญภัยก็ดูธรรมดาไปหน่อย ราคาค่อนข้างสูงเมื่อเทียบกับเนื้อหาที่ได้ ไม่ค่อยคุ้มค่า,96.0,,browse,/genre/fiction,6
ed5a26c6-f1b1-448d-b0d4-70568b576c82,2024-05-12T08:25:31.045489,250b921d-f062-43c7-bfe5-e8afc3b6ea0d,942,2d7679d2-95e3-4c6b-970b-0801b1c0c84a,1,,,genre_view,,,8.0,2.0,rec_collaborative,/recommendations/for-you,0
dc164a64-264b-41d5-9670-68fe93c3398c,2024-05-12T08:29:42.045489,250b921d-f062-43c7-bfe5-e8afc3b6ea0d,942,2d7679d2-95e3-4c6b-970b-0801b1c0c84a,1,,,preview,,,3.0,12.0,rec_collaborative,/recommendations/for-you,1
e2753866-4c29-4809-8ac5-ebc78eb4a8f1,2024-05-12T08:33:20.045489,250b921d-f062-43c7-bfe5-e8afc3b6ea0d,942,2d7679d2-95e3-4c6b-970b-0801b1c0c84a,1,,,view_details,,,194.0,69.0,rec_collaborative,/recommendations/for-you,2
6c403e86-c1bf-4e08-8a65-26346cad0821,2024-05-12T08:36:58.045489,250b921d-f062-43c7-bfe5-e8afc3b6ea0d,942,2d7679d2-95e3-4c6b-970b-0801b1c0c84a,1,,,add_to_wishlist,,,4.0,,rec_collaborative,/recommendations/for-you,3
6b036ab4-2596-46de-a3c9-5723153725b1,2024-05-12T08:38:44.045489,250b921d-f062-43c7-bfe5-e8afc3b6ea0d,942,2d7679d2-95e3-4c6b-970b-0801b1c0c84a,1,,,read_start,,,1339.0,,rec_collaborative,/recommendations/for-you,4
4fb301f1-6361-416b-b7cf-c33b74c9ff43,2024-05-12T21:24:46.045489,dfc0049f-aeb3-4b21-a531-83d4c0a46a86,942,ba83a95d-bf34-47e6-8e53-644a0165d9df,1,5.0,,genre_view,,,18.0,26.0,browse,/genre/fiction,0
5d26f272-bc0f-491c-8384-78a852bfd686,2024-05-12T21:25:20.045489,dfc0049f-aeb3-4b21-a531-83d4c0a46a86,942,ba83a95d-bf34-47e6-8e53-644a0165d9df,1,5.0,,preview,,,13.0,14.0,browse,/genre/fiction,1
4c267b22-2c75-4692-948a-89dd155af339,2024-05-12T21:30:03.045489,dfc0049f-aeb3-4b21-a531-83d4c0a46a86,942,ba83a95d-bf34-47e6-8e53-644a0165d9df,1,5.0,,view_details,,,166.0,73.0,browse,/genre/fiction,2
465ed6ec-6199-4e40-ae2f-10b0f6ea9a85,2024-05-13T13:25:25.045489,a4eb9112-58df-43aa-b0d7-f0138f77141c,942,233bb53c-6591-4890-9b36-19bceda28775,3,2.0,,genre_view,,,22.0,21.0,search,/search?q=book,0
eb9c541d-2b8c-47ec-bfe6-e9d1369b5588,2024-05-13T13:26:08.045489,a4eb9112-58df-43aa-b0d7-f0138f77141c,942,233bb53c-6591-4890-9b36-19bceda28775,3,2.0,,preview,,,10.0,30.0,search,/search?q=book,1
b7aab55c-428e-49f0-8607-f9e1ea66f75e,2024-05-13T13:29:18.045489,a4eb9112-58df-43aa-b0d7-f0138f77141c,942,233bb53c-6591-4890-9b36-19bceda28775,3,2.0,,view_details,,,145.0,58.0,search,/search?q=book,2
73989ab7-5aad-4182-8f6d-3cb3455ddf5b,2024-05-13T13:31:55.045489,a4eb9112-58df-43aa-b0d7-f0138f77141c,942,233bb53c-6591-4890-9b36-19bceda28775,3,2.0,,add_to_wishlist,,,4.0,,search,/search?q=book,3
33aa1079-1a4b-4472-98b5-c6a611558242,2024-05-13T13:33:08.045489,a4eb9112-58df-43aa-b0d7-f0138f77141c,942,233bb53c-6591-4890-9b36-19bceda28775,3,2.0,,read_start,,,1228.0,,search,/search?q=book,4
f7f16e72-e03c-4eb7-aa03-aa5f6e9ed472,2024-05-13T13:33:45.045489,a4eb9112-58df-43aa-b0d7-f0138f77141c,942,233bb53c-6591-4890-9b36-19bceda28775,3,2.0,,read_complete,,,1034.0,,search,/search?q=book,5
8a2fc840-8a18-4a4f-8e6f-f88849421e57,2024-05-13T13:38:25.045489,a4eb9112-58df-43aa-b0d7-f0138f77141c,942,233bb53c-6591-4890-9b36-19bceda28775,3,2.0,,rate_review,5.0,สุดยอดมาก! 'ภาพลวงตา' คือนิยายสืบสวนที่ห้ามพลาดเด็ดขาด! การหักมุมทำได้เหนือความคาดหมายจริงๆ ค่ะ การเล่าเรื่องชวนติดตามตั้งแต่ต้นจนจบ ตัวละครตำรวจสายสืบก็มีเสน่ห์น่าค้นหา การผสมผสานระหว่างมายากลและการสืบสวนสอบสวนทำได้อย่างลงตัว ทำให้เรื่องราวมีมิติและน่าสนใจมากขึ้น อ่านจบแล้วต้องกลับไปอ่านซ้ำเพื่อหาเ,88.0,,search,/search?q=book,6
9e895ce3-6132-41fe-a7a8-db2b53ef2651,2024-05-14T06:25:07.045489,54123502-f4ed-41cd-a99c-9aa30dd3eba4,942,8a517132-f716-49e6-8ab2-f860d1673dd5,3,8.0,,genre_view,,,15.0,28.0,browse,/genre/fiction,0
658518e7-b8f7-4a92-9e86-6d19cd1c5d80,2024-05-14T06:26:36.045489,54123502-f4ed-41cd-a99c-9aa30dd3eba4,942,8a517132-f716-49e6-8ab2-f860d1673dd5,3,8.0,,preview,,,14.0,49.0,browse,/genre/fiction,1
daaa51d7-e9e6-4b08-95fe-dc74b9feba4d,2024-05-14T06:30:06.045489,54123502-f4ed-41cd-a99c-9aa30dd3eba4,942,8a517132-f716-49e6-8ab2-f860d1673dd5,3,8.0,,view_details,,,159.0,50.0,browse,/genre/fiction,2
182201ee-2613-40d2-84a6-fa23182cb0a8,2024-05-14T06:30:47.045489,54123502-f4ed-41cd-a99c-9aa30dd3eba4,942,8a517132-f716-49e6-8ab2-f860d1673dd5,3,8.0,,add_to_wishlist,,,5.0,,browse,/genre/fiction,3
2d5caf68-a065-47fa-9004-620169b8bfbf,2024-05-14T06:34:48.045489,54123502-f4ed-41cd-a99c-9aa30dd3eba4,942,8a517132-f716-49e6-8ab2-f860d1673dd5,3,8.0,,read_start,,,3295.0,,browse,/genre/fiction,4
355fda01-26c6-4a2a-b97f-896e3ad3c151,2024-05-15T21:25:23.045489,dc754b2a-4572-4dc0-bed2-804e2c417a18,942,b2d1e6a1-64dc-4b0a-b433-e975a03350b1,2,3.0,,genre_view,,,12.0,14.0,store_page,/store/1,0
1112e2e9-dfda-487a-b0c7-cd11a77bee87,2024-05-15T21:27:52.045489,dc754b2a-4572-4dc0-bed2-804e2c417a18,942,b2d1e6a1-64dc-4b0a-b433-e975a03350b1,2,3.0,,preview,,,9.0,47.0,store_page,/store/1,1
49f05f78-c60e-4fb5-b5bb-775e37479050,2024-05-15T21:31:48.045489,dc754b2a-4572-4dc0-bed2-804e2c417a18,942,b2d1e6a1-64dc-4b0a-b433-e975a03350b1,2,3.0,,view_details,,,34.0,51.0,store_page,/store/1,2
c774e0d6-bf27-4d34-ac17-a8549e76111e,2024-05-15T21:36:14.045489,dc754b2a-4572-4dc0-bed2-804e2c417a18,942,b2d1e6a1-64dc-4b0a-b433-e975a03350b1,2,3.0,,add_to_wishlist,,,4.0,,store_page,/store/1,3
2cca2e7c-c931-4af9-9d08-8643ec704f40,2024-05-15T21:38:14.045489,dc754b2a-4572-4dc0-bed2-804e2c417a18,942,b2d1e6a1-64dc-4b0a-b433-e975a03350b1,2,3.0,,read_start,,,1357.0,,store_page,/store/1,4
7e734b5f-29c1-427a-b4ba-b9aa3de87d38,2024-05-15T21:40:26.045489,dc754b2a-4572-4dc0-bed2-804e2c417a18,942,b2d1e6a1-64dc-4b0a-b433-e975a03350b1,2,3.0,,read_complete,,,1925.0,,store_page,/store/1,5
496b064d-386e-458a-942a-ed5fb6eb214d,2024-05-15T21:42:05.045489,dc754b2a-4572-4dc0-bed2-804e2c417a18,942,b2d1e6a1-64dc-4b0a-b433-e975a03350b1,2,3.0,,rate_review,4.0,สนุกมาก! 'ผจญภัยในแดนฝันมหัศจรรย์' เป็นหนังสือที่เหมาะสำหรับเด็กๆ ที่มีจินตนาการกว้างไกลค่ะ ตัวละคร 'น้ำใส' น่ารักและกล้าหาญ การผจญภัยในดินแดนแห่งความฝันเต็มไปด้วยสิ่งมีชีวิตแปลกประหลาดและปริศนาที่น่าตื่นเต้น ทำให้เด็กๆ ได้ใช้ความคิดสร้างสรรค์ในการติดตามเรื่องราว ภาษาที่ใช้ก็เข้าใจง่าย เหมาะสำหรับอ่,74.0,,store_page,/store/1,6
be91073d-ae09-4c1f-a5e1-d5d28c545ad7,2024-05-15T21:42:49.045489,dc754b2a-4572-4dc0-bed2-804e2c417a18,942,b2d1e6a1-64dc-4b0a-b433-e975a03350b1,2,3.0,4.0,purchase,,,,,store_page,/store/1,7
f542b043-b149-45da-bc00-da9a6bb71cb7,2024-05-16T09:25:38.045489,cee23d5d-7361-4ff9-b1f6-954e12bd0ddb,942,4345ab06-3a3b-4369-825e-b2e51489fcf7,2,2.0,,genre_view,,,16.0,27.0,search,/search?q=book,0
2efb75a7-f5a8-4153-8e82-095e0080fab9,2024-05-16T09:30:13.045489,cee23d5d-7361-4ff9-b1f6-954e12bd0ddb,942,4345ab06-3a3b-4369-825e-b2e51489fcf7,2,2.0,,preview,,,6.0,50.0,search,/search?q=book,1
94f5ca16-69c1-4245-adca-5abf7857ba89,2024-05-16T09:33:06.045489,cee23d5d-7361-4ff9-b1f6-954e12bd0ddb,942,4345ab06-3a3b-4369-825e-b2e51489fcf7,2,2.0,,view_details,,,51.0,74.0,search,/search?q=book,2
0775e20a-493d-4b64-a462-7ad55eded16b,2024-05-19T02:24:52.045489,4a993aa1-953e-4246-8e20-cc14889bc26b,942,e6f4d01d-6f04-4b5b-b6f6-09aaea564067,1,,,genre_view,,,14.0,18.0,search,/search?q=book,0
672c4a67-8e52-4bca-8e7f-70384b088a4e,2024-05-19T02:28:17.045489,4a993aa1-953e-4246-8e20-cc14889bc26b,942,e6f4d01d-6f04-4b5b-b6f6-09aaea564067,1,,,preview,,,7.0,39.0,search,/search?q=book,1
d0aa3682-3de2-432e-9e6f-4b6b5b17ac29,2024-05-19T02:29:01.045489,4a993aa1-953e-4246-8e20-cc14889bc26b,942,e6f4d01d-6f04-4b5b-b6f6-09aaea564067,1,,,view_details,,,125.0,40.0,search,/search?q=book,2
1539d1b6-148a-46b7-afdf-91d3c3dd4643,2024-05-19T02:31:48.045489,4a993aa1-953e-4246-8e20-cc14889bc26b,942,e6f4d01d-6f04-4b5b-b6f6-09aaea564067,1,,,add_to_wishlist,,,5.0,,search,/search?q=book,3
a6b95e27-318f-40ef-b876-f139440f3ad5,2024-05-21T13:25:23.045489,9006069f-b8c4-4e0d-815f-1b03df4cb0fe,942,a1f83356-6006-42cc-96a8-8b21464d2d03,1,3.0,,genre_view,,,15.0,7.0,search,/search?q=book,0
2f67f168-74be-4305-82b7-3915ca617e43,2024-05-21T13:28:52.045489,9006069f-b8c4-4e0d-815f-1b03df4cb0fe,942,a1f83356-6006-42cc-96a8-8b21464d2d03,1,3.0,,preview,,,15.0,30.0,search,/search?q=book,1
8b8641f4-b29b-4713-8d9d-754824fe9a44,2024-05-21T13:33:30.045489,9006069f-b8c4-4e0d-815f-1b03df4cb0fe,942,a1f83356-6006-42cc-96a8-8b21464d2d03,1,3.0,,view_details,,,230.0,95.0,search,/search?q=book,2
d73bfa1d-564d-4a23-b6c9-b8f023cfc5b6,2024-05-21T13:33:46.045489,9006069f-b8c4-4e0d-815f-1b03df4cb0fe,942,a1f83356-6006-42cc-96a8-8b21464d2d03,1,3.0,,add_to_wishlist,,,5.0,,search,/search?q=book,3
a64a8b80-df8c-4099-adcb-6798651594ff,2024-05-24T02:25:16.045489,c740bca9-4a4e-4a10-a982-e3fded3f1481,942,6cbe7943-758e-400f-8609-2a8ca23ed73d,2,9.0,,genre_view,,,21.0,19.0,search,/search?q=book,0
ff595c4e-96b5-46e1-9375-b463929060b5,2024-05-24T02:29:02.045489,c740bca9-4a4e-4a10-a982-e3fded3f1481,942,6cbe7943-758e-400f-8609-2a8ca23ed73d,2,9.0,,preview,,,4.0,56.0,search,/search?q=book,1
7a88d6eb-ccf3-4d84-96b1-4f9dcfc3a6e4,2024-05-24T02:33:21.045489,c740bca9-4a4e-4a10-a982-e3fded3f1481,942,6cbe7943-758e-400f-8609-2a8ca23ed73d,2,9.0,,view_details,,,238.0,43.0,search,/search?q=book,2
126f7047-3a7e-4eaa-9b36-1f1371ef5399,2024-05-24T02:36:33.045489,c740bca9-4a4e-4a10-a982-e3fded3f1481,942,6cbe7943-758e-400f-8609-2a8ca23ed73d,2,9.0,,add_to_wishlist,,,5.0,,search,/search?q=book,3
9f861b45-b143-464e-86a2-e90e4020407d,2024-05-24T02:39:47.045489,c740bca9-4a4e-4a10-a982-e3fded3f1481,942,6cbe7943-758e-400f-8609-2a8ca23ed73d,2,9.0,,read_start,,,1954.0,,search,/search?q=book,4
d88b6fa1-eb4d-401c-80a9-d70cff288b8b,2024-05-25T14:25:19.045489,4581fcdd-ba9e-416e-95c0-197716c9d5e6,942,e52d5330-9ec6-4b9b-8b53-98a14057dda3,2,3.0,,genre_view,,,11.0,26.0,rec_content,/recommendations/similar,0
027abaf5-2c0f-4059-b2b8-6a22fdff1961,2024-05-25T14:25:52.045489,4581fcdd-ba9e-416e-95c0-197716c9d5e6,942,e52d5330-9ec6-4b9b-8b53-98a14057dda3,2,3.0,,preview,,,11.0,30.0,rec_content,/recommendations/similar,1
7ec34c45-e14e-43b0-ba11-47cbf439aed5,2024-05-25T14:30:02.045489,4581fcdd-ba9e-416e-95c0-197716c9d5e6,942,e52d5330-9ec6-4b9b-8b53-98a14057dda3,2,3.0,,view_details,,,201.0,48.0,rec_content,/recommendations/similar,2
c6a3c59a-9148-40a3-85e1-0d30af9f44d1,2024-05-25T14:34:17.045489,4581fcdd-ba9e-416e-95c0-197716c9d5e6,942,e52d5330-9ec6-4b9b-8b53-98a14057dda3,2,3.0,,add_to_wishlist,,,3.0,,rec_content,/recommendations/similar,3
aa6eb17d-7673-42f0-96be-9001580b733b,2024-05-25T14:35:43.045489,4581fcdd-ba9e-416e-95c0-197716c9d5e6,942,e52d5330-9ec6-4b9b-8b53-98a14057dda3,2,3.0,,read_start,,,2440.0,,rec_content,/recommendations/similar,4
74a24a60-2655-47dd-a756-279f22d659a3,2024-05-25T14:40:04.045489,4581fcdd-ba9e-416e-95c0-197716c9d5e6,942,e52d5330-9ec6-4b9b-8b53-98a14057dda3,2,3.0,,read_complete,,,2735.0,,rec_content,/recommendations/similar,5
229c2d8b-aa69-46b3-8539-565175016765,2024-05-28T08:24:48.045489,b586b818-cf93-49cd-93a4-d197e497da9f,942,6c2d7ea0-9cf1-4f6c-902c-10268c515fd9,1,6.0,,genre_view,,,26.0,5.0,publisher_page,/publisher/7,0
0e4f4d85-27e1-4396-af83-a10f60fd9048,2024-05-28T08:28:12.045489,b586b818-cf93-49cd-93a4-d197e497da9f,942,6c2d7ea0-9cf1-4f6c-902c-10268c515fd9,1,6.0,,preview,,,14.0,60.0,publisher_page,/publisher/7,1
aff8ee16-dc31-4a98-93a3-58a15c4a7186,2024-05-28T08:28:30.045489,b586b818-cf93-49cd-93a4-d197e497da9f,942,6c2d7ea0-9cf1-4f6c-902c-10268c515fd9,1,6.0,,view_details,,,227.0,58.0,publisher_page,/publisher/7,2
91db77ad-f871-4d02-9281-29f05f245fb2,2024-05-28T08:33:17.045489,b586b818-cf93-49cd-93a4-d197e497da9f,942,6c2d7ea0-9cf1-4f6c-902c-10268c515fd9,1,6.0,,add_to_wishlist,,,4.0,,publisher_page,/publisher/7,3
cfa629e4-95ff-4f88-9a86-85c18be23b68,2024-05-28T08:34:37.045489,b586b818-cf93-49cd-93a4-d197e497da9f,942,6c2d7ea0-9cf1-4f6c-902c-10268c515fd9,1,6.0,,read_start,,,1284.0,,publisher_page,/publisher/7,4
ba6e9602-adf8-40c8-aceb-7b5862dd6dca,2024-05-28T08:38:39.045489,b586b818-cf93-49cd-93a4-d197e497da9f,942,6c2d7ea0-9cf1-4f6c-902c-10268c515fd9,1,6.0,,read_complete,,,1642.0,,publisher_page,/publisher/7,5
5ce0580b-d5a4-4eab-9e02-c1e4676d2329,2024-05-28T08:39:11.045489,b586b818-cf93-49cd-93a4-d197e497da9f,942,6c2d7ea0-9cf1-4f6c-902c-10268c515fd9,1,6.0,,rate_review,3.0,หนังสือ 'วิปัสสนากรรมฐาน: การเห็นแจ้งในไตรลักษณ์' เป็นคู่มือปฏิบัติที่ค่อนข้างเข้มข้นค่ะ เนื้อหาเจาะลึกหลักการทางพุทธศาสนาเกี่ยวกับการเห็นแจ้งในไตรลักษณ์ได้ดี แต่บางส่วนอาจจะดูยากและซับซ้อนไปสำหรับผู้เริ่มต้น การอธิบายยังขาดตัวอย่างที่เป็นรูปธรรม ทำให้ผู้อ่านอาจจะเข้าถึงได้ยากขึ้น ราคาค่อนข้างสูง แต,43.0,,publisher_page,/publisher/7,6
371fd6cc-af94-4b82-9eae-cf29e788274f,2024-05-28T08:40:38.045489,b586b818-cf93-49cd-93a4-d197e497da9f,942,6c2d7ea0-9cf1-4f6c-902c-10268c515fd9,1,6.0,10.0,purchase,,,,,publisher_page,/publisher/7,7
dea7db2b-61bb-4630-9911-65d33c9170c0,2024-05-31T08:24:52.045489,38fb1fe7-3061-4b60-9b61-a57323a5d50f,942,420fd3a8-7262-44a0-8840-52c0135e3c83,1,1.0,,genre_view,,,10.0,29.0,rec_collaborative,/recommendations/for-you,0
4b9d0d82-a3b0-4b03-9dd8-ef692b764523,2024-05-31T08:26:54.045489,38fb1fe7-3061-4b60-9b61-a57323a5d50f,942,420fd3a8-7262-44a0-8840-52c0135e3c83,1,1.0,,preview,,,14.0,47.0,rec_collaborative,/recommendations/for-you,1
0a3e6671-8ef7-44ca-80ce-7375eb1bade0,2024-05-31T08:27:30.045489,38fb1fe7-3061-4b60-9b61-a57323a5d50f,942,420fd3a8-7262-44a0-8840-52c0135e3c83,1,1.0,,view_details,,,135.0,70.0,rec_collaborative,/recommendations/for-you,2
40dffaac-d0b3-42e1-a858-a585ba202e29,2024-05-31T08:30:42.045489,38fb1fe7-3061-4b60-9b61-a57323a5d50f,942,420fd3a8-7262-44a0-8840-52c0135e3c83,1,1.0,,add_to_wishlist,,,3.0,,rec_collaborative,/recommendations/for-you,3
49c38512-c5c3-4973-afa8-bc3fa27f0063,2024-06-03T05:24:56.045489,740211e8-4745-431b-932f-3b3f0adedc62,942,c305a3a9-8d51-4965-a1b2-6ff656d19d62,2,3.0,,genre_view,,,5.0,0.0,rec_collaborative,/recommendations/for-you,0
981838bd-6060-47cc-ae49-651f27883bcb,2024-06-03T05:28:29.045489,740211e8-4745-431b-932f-3b3f0adedc62,942,c305a3a9-8d51-4965-a1b2-6ff656d19d62,2,3.0,,preview,,,8.0,12.0,rec_collaborative,/recommendations/for-you,1
fc125773-7367-49cc-a76f-3198cec47c4d,2024-06-03T05:28:52.045489,740211e8-4745-431b-932f-3b3f0adedc62,942,c305a3a9-8d51-4965-a1b2-6ff656d19d62,2,3.0,,view_details,,,139.0,54.0,rec_collaborative,/recommendations/for-you,2
3dd3bf24-2e06-41b7-bb6a-fa774f03d69f,2024-06-03T05:32:28.045489,740211e8-4745-431b-932f-3b3f0adedc62,942,c305a3a9-8d51-4965-a1b2-6ff656d19d62,2,3.0,,add_to_wishlist,,,2.0,,rec_collaborative,/recommendations/for-you,3
a95727d2-f204-4d26-9878-ccad21153e41,2024-06-03T05:32:48.045489,740211e8-4745-431b-932f-3b3f0adedc62,942,c305a3a9-8d51-4965-a1b2-6ff656d19d62,2,3.0,,read_start,,,857.0,,rec_collaborative,/recommendations/for-you,4
b7742b8c-4f24-468e-868a-648da1c63f6c,2024-06-03T17:25:38.045489,3cea27c9-e5d8-4332-b839-7d8b4f5ad55b,942,04762e34-10fe-4fa7-9dca-4df2fe71dfcf,3,8.0,,genre_view,,,24.0,3.0,search,/search?q=book,0
1bf0cfc1-02dc-4987-8421-d6ca1826f628,2024-06-03T17:25:52.045489,3cea27c9-e5d8-4332-b839-7d8b4f5ad55b,942,04762e34-10fe-4fa7-9dca-4df2fe71dfcf,3,8.0,,preview,,,11.0,10.0,search,/search?q=book,1
f0e98cf8-28c2-43ed-9bdc-92169cd6cf9b,2024-06-03T17:30:16.045489,3cea27c9-e5d8-4332-b839-7d8b4f5ad55b,942,04762e34-10fe-4fa7-9dca-4df2fe71dfcf,3,8.0,,view_details,,,198.0,93.0,search,/search?q=book,2
1daa9c03-4f46-45a9-b7e6-b4edbf7ecdaf,2024-06-04T02:25:27.045489,9dbc7625-fdf1-4f0f-a256-05be5b5a30af,942,da5ddb98-82c3-465e-ab83-6f091ffaecd3,3,4.0,,genre_view,,,7.0,17.0,browse,/genre/fiction,0
59e36ac7-228b-4d53-bcfe-2a2b627cefd4,2024-06-04T02:29:38.045489,9dbc7625-fdf1-4f0f-a256-05be5b5a30af,942,da5ddb98-82c3-465e-ab83-6f091ffaecd3,3,4.0,,preview,,,5.0,27.0,browse,/genre/fiction,1
c06b82ea-b986-4a99-b60a-df94f0ca6437,2024-06-04T02:34:25.045489,9dbc7625-fdf1-4f0f-a256-05be5b5a30af,942,da5ddb98-82c3-465e-ab83-6f091ffaecd3,3,4.0,,view_details,,,260.0,97.0,browse,/genre/fiction,2
b958bc8e-0afc-4e8f-942d-e59c610d303c,2024-06-04T02:34:45.045489,9dbc7625-fdf1-4f0f-a256-05be5b5a30af,942,da5ddb98-82c3-465e-ab83-6f091ffaecd3,3,4.0,,add_to_wishlist,,,3.0,,browse,/genre/fiction,3
68f1b8f9-9156-44cb-93e1-200c8af9cd01,2024-06-05T00:25:36.045489,6aebb2be-9902-4b2c-b149-cd9e842f7487,942,00911a7d-9803-47e1-b0bd-66ee151a1070,1,5.0,,genre_view,,,15.0,9.0,rec_content,/recommendations/similar,0
c27d0190-c877-4251-b6a4-c0bbf93466cc,2024-06-05T00:26:02.045489,6aebb2be-9902-4b2c-b149-cd9e842f7487,942,00911a7d-9803-47e1-b0bd-66ee151a1070,1,5.0,,preview,,,11.0,16.0,rec_content,/recommendations/similar,1
faad81fd-a4d4-4e21-b843-590538eb9959,2024-06-05T00:26:24.045489,6aebb2be-9902-4b2c-b149-cd9e842f7487,942,00911a7d-9803-47e1-b0bd-66ee151a1070,1,5.0,,view_details,,,131.0,66.0,rec_content,/recommendations/similar,2
1157f674-d7a6-43a9-9188-1f80438966a2,2024-06-05T00:28:26.045489,6aebb2be-9902-4b2c-b149-cd9e842f7487,942,00911a7d-9803-47e1-b0bd-66ee151a1070,1,5.0,,add_to_wishlist,,,4.0,,rec_content,/recommendations/similar,3
4840ed66-416e-416a-bf0f-4a22ffa74dab,2024-06-07T13:25:22.045489,b78da57d-46be-403b-8457-b2604cb1fb0b,942,f15e252b-b14d-41de-b4d9-0f0784f1cd06,2,,,genre_view,,,14.0,10.0,browse,/genre/fiction,0
8819dd50-fb53-499d-add5-a4b7cd1d451c,2024-06-07T13:27:17.045489,b78da57d-46be-403b-8457-b2604cb1fb0b,942,f15e252b-b14d-41de-b4d9-0f0784f1cd06,2,,,preview,,,14.0,60.0,browse,/genre/fiction,1
b6c45342-8fd9-4156-b7a8-8e13bdc8da69,2024-06-07T13:32:10.045489,b78da57d-46be-403b-8457-b2604cb1fb0b,942,f15e252b-b14d-41de-b4d9-0f0784f1cd06,2,,,view_details,,,155.0,80.0,browse,/genre/fiction,2
055de240-1af9-4485-8a5f-73fb2dcd965b,2024-06-08T12:24:51.045489,4668d388-d358-47dc-935e-e95e508727f6,942,2ec39284-392e-4456-9019-58a4e37701b3,2,4.0,,genre_view,,,30.0,19.0,search,/search?q=book,0
ff0db1c8-73c3-48f8-abb7-9a179eaf9106,2024-06-08T12:26:59.045489,4668d388-d358-47dc-935e-e95e508727f6,942,2ec39284-392e-4456-9019-58a4e37701b3,2,4.0,,preview,,,3.0,38.0,search,/search?q=book,1
0ca655da-0ac7-427c-bbc8-251ac0dbff72,2024-06-08T12:28:29.045489,4668d388-d358-47dc-935e-e95e508727f6,942,2ec39284-392e-4456-9019-58a4e37701b3,2,4.0,,view_details,,,290.0,86.0,search,/search?q=book,2
a4053573-4ef7-4e61-b40f-5350ec612170,2024-06-08T12:29:31.045489,4668d388-d358-47dc-935e-e95e508727f6,942,2ec39284-392e-4456-9019-58a4e37701b3,2,4.0,,add_to_wishlist,,,3.0,,search,/search?q=book,3
be9dc5db-926a-4e0c-8fd9-79d22bf3a414,2024-06-10T11:25:21.045489,fb71dd70-a487-494d-b02c-d5f716a1bce1,942,0e2e4fdf-f1ee-4ba2-a0af-4524a5059075,3,3.0,,genre_view,,,29.0,16.0,rec_collaborative,/recommendations/for-you,0
f1b37b94-21e0-4771-aeec-93bc1d30b0fb,2024-06-10T11:28:51.045489,fb71dd70-a487-494d-b02c-d5f716a1bce1,942,0e2e4fdf-f1ee-4ba2-a0af-4524a5059075,3,3.0,,preview,,,8.0,11.0,rec_collaborative,/recommendations/for-you,1
29b4030b-5824-472e-ac82-c26783afafaa,2024-06-10T11:33:11.045489,fb71dd70-a487-494d-b02c-d5f716a1bce1,942,0e2e4fdf-f1ee-4ba2-a0af-4524a5059075,3,3.0,,view_details,,,243.0,92.0,rec_collaborative,/recommendations/for-you,2
03d89b30-1a3b-4265-a1fd-019901a69883,2024-06-12T13:25:29.045489,8d3f55e6-405b-4ac9-a7d5-8e31f9b5d5d3,942,0495eba0-e2a8-44e1-81a3-9d2fbf6a85eb,2,1.0,,genre_view,,,10.0,19.0,browse,/genre/fiction,0
1ecb388b-9ff8-4f84-af0d-ddfda5de61e3,2024-06-12T13:26:19.045489,8d3f55e6-405b-4ac9-a7d5-8e31f9b5d5d3,942,0495eba0-e2a8-44e1-81a3-9d2fbf6a85eb,2,1.0,,preview,,,10.0,58.0,browse,/genre/fiction,1
8fc75fe0-15ab-4a3a-aac5-2ab13aa5b348,2024-06-12T13:30:14.045489,8d3f55e6-405b-4ac9-a7d5-8e31f9b5d5d3,942,0495eba0-e2a8-44e1-81a3-9d2fbf6a85eb,2,1.0,,view_details,,,32.0,84.0,browse,/genre/fiction,2
a682747a-3d51-4433-a61c-a6a87be781af,2024-06-12T13:30:32.045489,8d3f55e6-405b-4ac9-a7d5-8e31f9b5d5d3,942,0495eba0-e2a8-44e1-81a3-9d2fbf6a85eb,2,1.0,,add_to_wishlist,,,4.0,,browse,/genre/fiction,3
7ce8611a-ef21-447f-afb2-eb21da1ecd20,2024-06-12T13:31:19.045489,8d3f55e6-405b-4ac9-a7d5-8e31f9b5d5d3,942,0495eba0-e2a8-44e1-81a3-9d2fbf6a85eb,2,1.0,,read_start,,,1678.0,,browse,/genre/fiction,4
114a176a-f695-4861-b5f2-af6cf4980715,2024-06-12T13:36:14.045489,8d3f55e6-405b-4ac9-a7d5-8e31f9b5d5d3,942,0495eba0-e2a8-44e1-81a3-9d2fbf6a85eb,2,1.0,,read_complete,,,2838.0,,browse,/genre/fiction,5
db33924b-86b8-42e5-8721-196bc3ab3cee,2024-06-14T15:25:41.045489,f6ae54ee-e05a-47fc-a845-42af9ee0031a,942,20c4e6e5-dc5e-4826-8faa-560d0612b402,1,8.0,,genre_view,,,23.0,26.0,publisher_page,/publisher/17,0
104be34f-aa41-4322-857d-d41d807170fb,2024-06-14T15:25:54.045489,f6ae54ee-e05a-47fc-a845-42af9ee0031a,942,20c4e6e5-dc5e-4826-8faa-560d0612b402,1,8.0,,preview,,,3.0,56.0,publisher_page,/publisher/17,1
9f95bcf0-4085-4ad2-bbd2-6a55d65a97cc,2024-06-14T15:26:30.045489,f6ae54ee-e05a-47fc-a845-42af9ee0031a,942,20c4e6e5-dc5e-4826-8faa-560d0612b402,1,8.0,,view_details,,,99.0,100.0,publisher_page,/publisher/17,2
e5381113-f927-4fc9-9d8a-7276278e8b13,2024-06-14T18:24:53.045489,6521f62a-4562-4465-89c1-f167e6810efc,942,7c6f36a5-981e-4456-882e-b16d6ccbb3be,1,3.0,,genre_view,,,10.0,8.0,search,/search?q=book,0
c520fac9-2559-48a0-8823-157d892ed162,2024-06-14T18:27:41.045489,6521f62a-4562-4465-89c1-f167e6810efc,942,7c6f36a5-981e-4456-882e-b16d6ccbb3be,1,3.0,,preview,,,3.0,29.0,search,/search?q=book,1
3827a17b-9d6e-4dbd-82a8-a9be68ea001a,2024-06-14T18:30:52.045489,6521f62a-4562-4465-89c1-f167e6810efc,942,7c6f36a5-981e-4456-882e-b16d6ccbb3be,1,3.0,,view_details,,,65.0,77.0,search,/search?q=book,2
ed9e1f03-234b-4825-9ae5-5bd8b06b5dbb,2024-06-14T20:24:48.045489,d29b6943-e8d0-4ff6-888f-abd0a3c96573,942,bae59558-1f02-4071-a697-019729041749,1,2.0,,genre_view,,,9.0,29.0,browse,/genre/fiction,0
ff7117c7-7211-46c7-8d09-2d66fd867509,2024-06-14T20:29:38.045489,d29b6943-e8d0-4ff6-888f-abd0a3c96573,942,bae59558-1f02-4071-a697-019729041749,1,2.0,,preview,,,8.0,50.0,browse,/genre/fiction,1
da50665b-0171-4c42-b599-3bb9de1511f6,2024-06-14T20:33:06.045489,d29b6943-e8d0-4ff6-888f-abd0a3c96573,942,bae59558-1f02-4071-a697-019729041749,1,2.0,,view_details,,,233.0,85.0,browse,/genre/fiction,2
cc607985-7d43-488c-976f-fd2756f27f08,2024-06-14T20:35:37.045489,d29b6943-e8d0-4ff6-888f-abd0a3c96573,942,bae59558-1f02-4071-a697-019729041749,1,2.0,,add_to_wishlist,,,2.0,,browse,/genre/fiction,3
1662ec5b-6315-4c1e-bafe-9a0eab54cc57,2024-06-15T20:25:41.045489,72973d38-0539-4671-93fe-a5ffe2624ebc,942,b41481eb-a048-467f-aadd-32627873ee4c,1,5.0,,genre_view,,,26.0,15.0,search,/search?q=book,0
9575df90-78f4-4c43-861a-616592a67c03,2024-06-15T20:27:15.045489,72973d38-0539-4671-93fe-a5ffe2624ebc,942,b41481eb-a048-467f-aadd-32627873ee4c,1,5.0,,preview,,,7.0,55.0,search,/search?q=book,1
a13a7190-e233-4745-b58e-33f123d7803e,2024-06-15T20:31:08.045489,72973d38-0539-4671-93fe-a5ffe2624ebc,942,b41481eb-a048-467f-aadd-32627873ee4c,1,5.0,,view_details,,,239.0,34.0,search,/search?q=book,2
1beb1610-522d-4893-ac84-2f5a19353826,2024-06-17T03:25:07.045489,b4f8586c-f759-45f9-bf8b-4130458201e9,942,17192f79-e778-4774-a97f-ff693d738b42,2,5.0,,genre_view,,,13.0,2.0,rec_collaborative,/recommendations/for-you,0
fdabd755-8d20-4ab5-8895-8ecb375057cc,2024-06-17T03:28:18.045489,b4f8586c-f759-45f9-bf8b-4130458201e9,942,17192f79-e778-4774-a97f-ff693d738b42,2,5.0,,preview,,,13.0,14.0,rec_collaborative,/recommendations/for-you,1
78452312-ef97-4463-8ddd-5be6201b2ed8,2024-06-17T03:31:39.045489,b4f8586c-f759-45f9-bf8b-4130458201e9,942,17192f79-e778-4774-a97f-ff693d738b42,2,5.0,,view_details,,,186.0,40.0,rec_collaborative,/recommendations/for-you,2
7dc3606f-cace-4023-a3c8-a827a31e9ad5,2024-06-17T03:32:50.045489,b4f8586c-f759-45f9-bf8b-4130458201e9,942,17192f79-e778-4774-a97f-ff693d738b42,2,5.0,,add_to_wishlist,,,5.0,,rec_collaborative,/recommendations/for-you,3
d50312ec-05a9-4bbd-a061-cf3373a88d8e,2024-06-19T23:24:49.045489,2cb3066d-1434-43cc-896a-f89d19bbdeb6,942,c4cf7d01-5353-4fb6-bdd9-7ad4ea156c40,3,3.0,,genre_view,,,15.0,11.0,store_page,/store/1,0
a85198a2-821d-4f2e-925a-fe58d797afc5,2024-06-19T23:29:17.045489,2cb3066d-1434-43cc-896a-f89d19bbdeb6,942,c4cf7d01-5353-4fb6-bdd9-7ad4ea156c40,3,3.0,,preview,,,11.0,16.0,store_page,/store/1,1
e7047a21-2c99-4adf-8c41-d7e9c7899d56,2024-06-19T23:32:59.045489,2cb3066d-1434-43cc-896a-f89d19bbdeb6,942,c4cf7d01-5353-4fb6-bdd9-7ad4ea156c40,3,3.0,,view_details,,,76.0,29.0,store_page,/store/1,2
baceeb42-f06b-48d9-86d6-2ee93c1dccc5,2024-06-22T18:24:47.045489,abe94250-4814-4b87-84f7-2b2d870eda5a,942,93c83688-36bd-4e11-a86a-ed13cf44ccc2,1,6.0,,genre_view,,,11.0,11.0,browse,/genre/fiction,0
b6f42ec3-7d72-4b34-9246-80a6d2ca7dda,2024-06-22T18:25:44.045489,abe94250-4814-4b87-84f7-2b2d870eda5a,942,93c83688-36bd-4e11-a86a-ed13cf44ccc2,1,6.0,,preview,,,7.0,20.0,browse,/genre/fiction,1
f627e096-8759-4234-bb94-dd87bd13d0c6,2024-06-22T18:29:08.045489,abe94250-4814-4b87-84f7-2b2d870eda5a,942,93c83688-36bd-4e11-a86a-ed13cf44ccc2,1,6.0,,view_details,,,197.0,97.0,browse,/genre/fiction,2
4ed62b9d-7d5f-4099-bbb1-75051693cf20,2024-06-22T18:33:24.045489,abe94250-4814-4b87-84f7-2b2d870eda5a,942,93c83688-36bd-4e11-a86a-ed13cf44ccc2,1,6.0,,add_to_wishlist,,,2.0,,browse,/genre/fiction,3
7889e47a-85a2-49dc-a682-c448c2179246,2024-06-22T18:34:10.045489,abe94250-4814-4b87-84f7-2b2d870eda5a,942,93c83688-36bd-4e11-a86a-ed13cf44ccc2,1,6.0,,read_start,,,2859.0,,browse,/genre/fiction,4
62d76d4f-9988-4b81-9c6e-bdd97128199d,2024-06-24T14:24:47.045489,a2c9176c-0f5a-4ffd-baf5-3be1b81d166e,942,a2aabc90-ac40-4b83-aad1-4150a9710fee,1,4.0,,genre_view,,,15.0,4.0,publisher_page,/publisher/49,0
ec4bcb54-0c71-489d-b2e6-50e3c8c50c35,2024-06-24T14:26:06.045489,a2c9176c-0f5a-4ffd-baf5-3be1b81d166e,942,a2aabc90-ac40-4b83-aad1-4150a9710fee,1,4.0,,preview,,,4.0,57.0,publisher_page,/publisher/49,1
922df433-fb94-4795-989b-047163d6aefe,2024-06-24T14:31:05.045489,a2c9176c-0f5a-4ffd-baf5-3be1b81d166e,942,a2aabc90-ac40-4b83-aad1-4150a9710fee,1,4.0,,view_details,,,123.0,68.0,publisher_page,/publisher/49,2
bda67a31-e84f-48cb-8119-e5240bb0aaea,2024-06-24T14:31:49.045489,a2c9176c-0f5a-4ffd-baf5-3be1b81d166e,942,a2aabc90-ac40-4b83-aad1-4150a9710fee,1,4.0,,add_to_wishlist,,,5.0,,publisher_page,/publisher/49,3
470d5fb6-127e-43d4-b5b4-1ee6d166e67e,2024-06-26T04:24:56.045489,ad23efbd-72a0-4f44-80c7-fab780ea3db8,942,b463fc77-fcc7-41f2-9129-09c5e3b3abda,2,1.0,,genre_view,,,6.0,23.0,rec_popular,/recommendations/popular,0
78b64a4d-11e4-46f0-8b03-9db3c304ffac,2024-06-26T04:25:27.045489,ad23efbd-72a0-4f44-80c7-fab780ea3db8,942,b463fc77-fcc7-41f2-9129-09c5e3b3abda,2,1.0,,preview,,,13.0,42.0,rec_popular,/recommendations/popular,1
6aa4936b-1527-47e2-8203-288ea95cb00f,2024-06-26T04:29:47.045489,ad23efbd-72a0-4f44-80c7-fab780ea3db8,942,b463fc77-fcc7-41f2-9129-09c5e3b3abda,2,1.0,,view_details,,,149.0,47.0,rec_popular,/recommendations/popular,2
52b9fef7-7a46-4958-bae5-e909abd2d194,2024-06-27T03:25:42.045489,f23f8bdf-7277-407f-a6da-5cd36bcbde45,942,a42dc134-f220-46aa-8722-0e935f5371ff,1,5.0,,genre_view,,,17.0,10.0,rec_popular,/recommendations/popular,0
2e554af3-cd1a-4bbe-ae60-7a3619a2b08b,2024-06-27T03:28:51.045489,f23f8bdf-7277-407f-a6da-5cd36bcbde45,942,a42dc134-f220-46aa-8722-0e935f5371ff,1,5.0,,preview,,,15.0,58.0,rec_popular,/recommendations/popular,1
15e63dc6-c518-4759-811d-48e2505e28f6,2024-06-27T03:30:52.045489,f23f8bdf-7277-407f-a6da-5cd36bcbde45,942,a42dc134-f220-46aa-8722-0e935f5371ff,1,5.0,,view_details,,,52.0,59.0,rec_popular,/recommendations/popular,2
1a057aa8-34bd-4092-8141-17bed0af5bad,2024-06-27T03:35:29.045489,f23f8bdf-7277-407f-a6da-5cd36bcbde45,942,a42dc134-f220-46aa-8722-0e935f5371ff,1,5.0,,add_to_wishlist,,,2.0,,rec_popular,/recommendations/popular,3
0572a848-22ef-4441-af54-405da78b6e7b,2024-06-27T03:38:22.045489,f23f8bdf-7277-407f-a6da-5cd36bcbde45,942,a42dc134-f220-46aa-8722-0e935f5371ff,1,5.0,,read_start,,,1364.0,,rec_popular,/recommendations/popular,4
dbe9f63f-fc08-414d-9ad0-a2a9b5f69f1f,2024-06-27T13:25:02.045489,e5f3e576-14fd-4498-8ea2-1ccc9de36d74,942,62b09f53-bb30-4b93-b20b-bbb3e72998a0,1,3.0,,genre_view,,,20.0,28.0,publisher_page,/publisher/18,0
c4be14d3-d1fc-4ff9-9101-c6219def864d,2024-06-27T13:29:58.045489,e5f3e576-14fd-4498-8ea2-1ccc9de36d74,942,62b09f53-bb30-4b93-b20b-bbb3e72998a0,1,3.0,,preview,,,10.0,28.0,publisher_page,/publisher/18,1
8702060a-3df7-4b6b-85f9-6f8d3309f50c,2024-06-27T13:34:08.045489,e5f3e576-14fd-4498-8ea2-1ccc9de36d74,942,62b09f53-bb30-4b93-b20b-bbb3e72998a0,1,3.0,,view_details,,,159.0,58.0,publisher_page,/publisher/18,2
5053c56a-3f4a-41d2-a89e-c4485a93c3df,2024-06-27T13:36:54.045489,e5f3e576-14fd-4498-8ea2-1ccc9de36d74,942,62b09f53-bb30-4b93-b20b-bbb3e72998a0,1,3.0,,add_to_wishlist,,,5.0,,publisher_page,/publisher/18,3
cff78fdc-788d-44b3-9da2-b9caa4cc12ca,2024-06-27T13:41:37.045489,e5f3e576-14fd-4498-8ea2-1ccc9de36d74,942,62b09f53-bb30-4b93-b20b-bbb3e72998a0,1,3.0,,read_start,,,666.0,,publisher_page,/publisher/18,4
53dbbc3b-347a-44c9-8863-ac72955a548a,2024-06-28T22:25:33.045489,8f99d92a-5434-4466-8123-da0d61060074,942,642367da-4eae-417b-b020-0ab2c0971737,3,3.0,,genre_view,,,30.0,22.0,rec_collaborative,/recommendations/for-you,0
07387821-cb4d-4687-ba1e-2b7087dfd8a5,2024-06-28T22:26:53.045489,8f99d92a-5434-4466-8123-da0d61060074,942,642367da-4eae-417b-b020-0ab2c0971737,3,3.0,,preview,,,13.0,23.0,rec_collaborative,/recommendations/for-you,1
2e91827f-e0c7-4969-97aa-4a1611d77333,2024-06-28T22:31:20.045489,8f99d92a-5434-4466-8123-da0d61060074,942,642367da-4eae-417b-b020-0ab2c0971737,3,3.0,,view_details,,,63.0,44.0,rec_collaborative,/recommendations/for-you,2
845da949-8253-4ea4-8842-0143653f2db8,2024-06-28T22:34:16.045489,8f99d92a-5434-4466-8123-da0d61060074,942,642367da-4eae-417b-b020-0ab2c0971737,3,3.0,,add_to_wishlist,,,3.0,,rec_collaborative,/recommendations/for-you,3
a335202b-3246-4372-aec4-94b1b4b4ce98,2024-07-01T18:24:51.045489,70235ccc-b9b8-48f5-8260-cd18470da5d8,942,8708c48f-b759-4499-9e8d-57cee120ee05,2,1.0,,genre_view,,,15.0,10.0,browse,/genre/fiction,0
452034ad-b5d1-4cda-8007-26316ace9fe8,2024-07-01T18:29:17.045489,70235ccc-b9b8-48f5-8260-cd18470da5d8,942,8708c48f-b759-4499-9e8d-57cee120ee05,2,1.0,,preview,,,8.0,20.0,browse,/genre/fiction,1
e518861d-f3a4-4d0d-bd60-69e87a09f288,2024-07-01T18:33:43.045489,70235ccc-b9b8-48f5-8260-cd18470da5d8,942,8708c48f-b759-4499-9e8d-57cee120ee05,2,1.0,,view_details,,,187.0,33.0,browse,/genre/fiction,2
fa4c6beb-db66-4bc9-84af-929d6a818917,2024-07-03T06:25:04.045489,36284ca3-c1d8-4bdd-8166-ee85c2e1daf3,942,d746e348-c22f-4ed7-9ae9-26e15f6b9500,2,7.0,,genre_view,,,17.0,1.0,rec_popular,/recommendations/popular,0
000bd62f-7c42-4343-9a79-7be5c47eedf5,2024-07-03T06:27:23.045489,36284ca3-c1d8-4bdd-8166-ee85c2e1daf3,942,d746e348-c22f-4ed7-9ae9-26e15f6b9500,2,7.0,,preview,,,10.0,60.0,rec_popular,/recommendations/popular,1
2f5f5f34-51cd-4624-9d81-8906fbfa5e0d,2024-07-03T06:32:21.045489,36284ca3-c1d8-4bdd-8166-ee85c2e1daf3,942,d746e348-c22f-4ed7-9ae9-26e15f6b9500,2,7.0,,view_details,,,78.0,21.0,rec_popular,/recommendations/popular,2
fe67c408-7597-4777-85a0-1bc63fccc6e1,2024-07-04T01:25:09.045489,73baa508-33da-4f1b-bdfd-6af24be75c4a,942,11434ffd-658b-4e2a-b5e0-fe2e3fda98c7,2,7.0,,genre_view,,,5.0,9.0,browse,/genre/fiction,0
ef03f805-3e48-4135-8af3-c086e416f3e1,2024-07-04T01:27:16.045489,73baa508-33da-4f1b-bdfd-6af24be75c4a,942,11434ffd-658b-4e2a-b5e0-fe2e3fda98c7,2,7.0,,preview,,,9.0,41.0,browse,/genre/fiction,1
188d8711-ea82-4a12-a900-b4638fa05ac9,2024-07-04T01:29:30.045489,73baa508-33da-4f1b-bdfd-6af24be75c4a,942,11434ffd-658b-4e2a-b5e0-fe2e3fda98c7,2,7.0,,view_details,,,200.0,78.0,browse,/genre/fiction,2
ce0f9cce-08ce-4ca3-b52b-50f276de0212,2024-07-05T18:25:03.045489,459f9079-79fd-4803-9513-6e5005396122,942,a4d13cb7-5a61-4804-bb57-0c709426a164,3,,,genre_view,,,13.0,8.0,search,/search?q=book,0
93cda47e-f913-45ef-be38-1dfdf908eb25,2024-07-05T18:27:30.045489,459f9079-79fd-4803-9513-6e5005396122,942,a4d13cb7-5a61-4804-bb57-0c709426a164,3,,,preview,,,7.0,57.0,search,/search?q=book,1
fab1b635-a11f-42c4-8f8f-a841960405b1,2024-07-05T18:30:33.045489,459f9079-79fd-4803-9513-6e5005396122,942,a4d13cb7-5a61-4804-bb57-0c709426a164,3,,,view_details,,,296.0,85.0,search,/search?q=book,2
836feee6-b298-42e2-881a-b86b59f86969,2024-07-05T18:32:10.045489,459f9079-79fd-4803-9513-6e5005396122,942,a4d13cb7-5a61-4804-bb57-0c709426a164,3,,,add_to_wishlist,,,2.0,,search,/search?q=book,3
4d2d88ee-96a2-4770-8233-aad6751b0c7f,2024-07-05T18:34:48.045489,459f9079-79fd-4803-9513-6e5005396122,942,a4d13cb7-5a61-4804-bb57-0c709426a164,3,,,read_start,,,3431.0,,search,/search?q=book,4
a22500ae-cf0f-4e64-bca1-746fac94922b,2024-07-05T18:38:23.045489,459f9079-79fd-4803-9513-6e5005396122,942,a4d13cb7-5a61-4804-bb57-0c709426a164,3,,,read_complete,,,3354.0,,search,/search?q=book,5
37f7f750-159f-4c80-b101-686a05f8976c,2024-07-05T18:40:12.045489,459f9079-79fd-4803-9513-6e5005396122,942,a4d13cb7-5a61-4804-bb57-0c709426a164,3,,,rate_review,5.0,ชอบมาก! 'เธอคือฤดูร้อนของฉัน' เป็นนิยายรักที่อบอุ่นหัวใจจริงๆ ค่ะ การดำเนินเรื่องน่ารัก ไม่เร่งรีบ แต่ก็ไม่น่าเบื่อ ตัวละคร 'แพรว' น่ารักและเอาใจช่วย ส่วนพระเอกก็มีเสน่ห์มากๆ เคมีของทั้งคู่เข้ากันดีมาก การบรรยายบรรยากาศริมทะเลก็สวยงาม ชวนฝัน ทำให้รู้สึกผ่อนคลายไปกับเรื่องราว ราคาไม่แพงเลย เป็นนิยายร,26.0,,search,/search?q=book,6
1d18fd9f-d1a3-4bf5-b025-c8b36d3ec360,2024-07-05T18:41:55.045489,459f9079-79fd-4803-9513-6e5005396122,942,a4d13cb7-5a61-4804-bb57-0c709426a164,3,,2.0,purchase,,,,,search,/search?q=book,7
52118bcd-7731-40d0-93e1-3399fb8e6ccd,2024-07-08T00:25:26.045489,8902521a-a629-40a7-a37a-1d2b7f294acc,942,12c92ef8-ee1d-4b99-a9fd-d7df3aba8893,1,1.0,,genre_view,,,28.0,3.0,browse,/genre/fiction,0
e27148f5-e896-463b-9edf-726c06f77a31,2024-07-08T00:25:45.045489,8902521a-a629-40a7-a37a-1d2b7f294acc,942,12c92ef8-ee1d-4b99-a9fd-d7df3aba8893,1,1.0,,preview,,,3.0,47.0,browse,/genre/fiction,1
0eaaf712-6145-4337-bdb0-8f5ef922cb12,2024-07-08T00:28:16.045489,8902521a-a629-40a7-a37a-1d2b7f294acc,942,12c92ef8-ee1d-4b99-a9fd-d7df3aba8893,1,1.0,,view_details,,,159.0,41.0,browse,/genre/fiction,2
21410888-230f-40a6-a9a0-d9bf84c8ba22,2024-07-09T09:25:36.045489,fc795fbd-9f1b-415e-bf7e-d5d7a31ef696,942,79aefbab-96ba-49d2-b678-be6401d3b871,1,3.0,,genre_view,,,25.0,6.0,browse,/genre/fiction,0
e8f539b9-2020-4c2c-8592-1d12da676438,2024-07-09T09:28:54.045489,fc795fbd-9f1b-415e-bf7e-d5d7a31ef696,942,79aefbab-96ba-49d2-b678-be6401d3b871,1,3.0,,preview,,,7.0,40.0,browse,/genre/fiction,1
e91ff303-a29a-4cb3-adc3-4ae78332b59d,2024-07-09T09:31:26.045489,fc795fbd-9f1b-415e-bf7e-d5d7a31ef696,942,79aefbab-96ba-49d2-b678-be6401d3b871,1,3.0,,view_details,,,141.0,61.0,browse,/genre/fiction,2
08700b3b-63d3-45ea-a919-f15aa66d3049,2024-07-09T09:36:20.045489,fc795fbd-9f1b-415e-bf7e-d5d7a31ef696,942,79aefbab-96ba-49d2-b678-be6401d3b871,1,3.0,,add_to_wishlist,,,2.0,,browse,/genre/fiction,3
